title,media,date,datetime,desc,link,img
WMO & other topics - PGA Spokesperson's Briefing | UN Web TV,UN Web TV,1 week ago,2023-06-10 18:20:37.178604,"Friday, 9 June 2023. WMO. President Csaba Kőrösi spoke today with Professor Celeste Saulo, Secretary-General-elect of World Meteorological Organization...",https://media.un.org/en/asset/k14/k14d2ga8zg,"data:image/gif;base64,R0lGODlhAQABAIAAAP///////yH5BAEKAAEALAAAAAABAAEAAAICTAEAOw=="
"EPFO SSA Syllabus 2023, Steno & SSA Exam Pattern",BankersAdda,1 week ago,2023-06-10 18:20:37.190605,EPFO SSA Syllabus 2023 and exam pattern should be known to all. The article below has the complete EPFO SSA syllabus and Exam Pattern.,https://www.bankersadda.com/epfo-ssa-syllabus/,"data:image/gif;base64,R0lGODlhAQABAIAAAP///////yH5BAEKAAEALAAAAAABAAEAAAICTAEAOw=="
"UNRWA, Deputy Secretary-General, Security Council & other topics - Daily Press Briefing (2 June)",YouTube,2 weeks ago,2023-06-03 18:20:37.202604,"Noon briefing by Farhan Haq, Deputy Spokesperson for the Secretary-General. Highlights: - UNRWA - Deputy Secretary-General - Security Council - Lebanon...",https://www.youtube.com/watch?v=7HpJN7uDMrI,"data:image/gif;base64,R0lGODlhAQABAIAAAP///////yH5BAEKAAEALAAAAAABAAEAAAICTAEAOw=="
"UNRWA, Bicycles & other topics – PGA Spokesperson's Briefing",UN Web TV,2 weeks ago,2023-06-03 18:20:37.216604,"Briefing by Paulina Kubiak, Spokesperson for the President of the 77th Session of the General Assembly.",https://media.un.org/en/asset/k18/k18uqdk9un,"data:image/gif;base64,R0lGODlhAQABAIAAAP///////yH5BAEKAAEALAAAAAABAAEAAAICTAEAOw=="
Election of the New President of the General Assembly & other topics - Daily Press Briefing (1 June),YouTube,2 weeks ago,2023-06-03 18:20:37.227611,"Noon briefing by Stéphane Dujarric, Spokesperson for the Secretary-General. Highlights:- Election of New President of the General Assembly- Black Sea...",https://www.youtube.com/watch?v=0DHBhd2-hn8,"data:image/gif;base64,R0lGODlhAQABAIAAAP///////yH5BAEKAAEALAAAAAABAAEAAAICTAEAOw=="
Hot Legal Topics – Episode 3: Immigration Law - General Immigration - Australia,Mondaq,2 weeks ago,2023-06-03 18:20:37.238119,"Hot Legal Topics is a new video series, hosted by Rebecca Spoor, the Business Development Manager at Roam Migration Law, in which leading Australian lawyers...",https://www.mondaq.com/australia/general-immigration/1322312/hot-legal-topics--episode-3-immigration-law,"data:image/gif;base64,R0lGODlhAQABAIAAAP///////yH5BAEKAAEALAAAAAABAAEAAAICTAEAOw=="
"CUET General Test Syllabus 2023: PDF Download, Check Important Topics, Pattern",Jagran Josh,1 month ago,2023-05-17 18:20:37.252127,CUET General Test Syllabus 2023 for the written exam is notified. Check unit-wise topics for exam preparation. Download the latest CUET Geography Syllabus...,https://www.jagranjosh.com/articles/cuet-general-test-syllabus-exam-pattern-pdf-download-1683891567-1,"data:image/gif;base64,R0lGODlhAQABAIAAAP///////yH5BAEKAAEALAAAAAABAAEAAAICTAEAOw=="
Prime Minister and UN Secretary-General Discuss Several Key Topics – Jamaica Information Service,Jamaica Information Service,1 month ago,2023-05-17 18:20:37.266127,"Prime Minister, the Most Hon. Andrew Holness, today (May 15) held bilateral talks with United Nations Secretary-General, António Guterres, at the Office of...",https://jis.gov.jm/prime-minister-and-un-secretary-general-discuss-several-key-topics/,"data:image/gif;base64,R0lGODlhAQABAIAAAP///////yH5BAEKAAEALAAAAAABAAEAAAICTAEAOw=="
"Secretary-General Travel, Sudan, Abyei & other topics - Daily Press Briefing",UN Web TV,1 month ago,2023-05-17 18:20:37.280126,Daily Press Briefing by the Deputy Spokesperson of the Secretary-General Farhan Haq.,https://media.un.org/en/asset/k1u/k1u5c7kqom,"data:image/gif;base64,R0lGODlhAQABAIAAAP///////yH5BAEKAAEALAAAAAABAAEAAAICTAEAOw=="
"Jordan, Bahrain & other topics – PGA Spokesperson Briefing",UN Web TV,1 month ago,2023-05-17 18:20:37.293128,"Briefing by Paulina Kubiak, Spokesperson for the President of the 77th Session of the General Assembly.",https://media.un.org/en/asset/k13/k13uwtc5a8,"data:image/gif;base64,R0lGODlhAQABAIAAAP///////yH5BAEKAAEALAAAAAABAAEAAAICTAEAOw=="
WMO & other topics - PGA Spokesperson's Briefing | UN Web TV,UN Web TV,1 week ago,2023-06-10 18:20:37.820909,"Friday, 9 June 2023. WMO. President Csaba Kőrösi spoke today with Professor Celeste Saulo, Secretary-General-elect of World Meteorological Organization...",https://media.un.org/en/asset/k14/k14d2ga8zg,"data:image/gif;base64,R0lGODlhAQABAIAAAP///////yH5BAEKAAEALAAAAAABAAEAAAICTAEAOw=="
"EPFO SSA Syllabus 2023, Steno & SSA Exam Pattern",BankersAdda,1 week ago,2023-06-10 18:20:37.831920,EPFO SSA Syllabus 2023 and exam pattern should be known to all. The article below has the complete EPFO SSA syllabus and Exam Pattern.,https://www.bankersadda.com/epfo-ssa-syllabus/,"data:image/gif;base64,R0lGODlhAQABAIAAAP///////yH5BAEKAAEALAAAAAABAAEAAAICTAEAOw=="
"UNRWA, Deputy Secretary-General, Security Council & other topics - Daily Press Briefing (2 June)",YouTube,2 weeks ago,2023-06-03 18:20:37.842433,"Noon briefing by Farhan Haq, Deputy Spokesperson for the Secretary-General. Highlights: - UNRWA - Deputy Secretary-General - Security Council - Lebanon...",https://www.youtube.com/watch?v=7HpJN7uDMrI,"data:image/gif;base64,R0lGODlhAQABAIAAAP///////yH5BAEKAAEALAAAAAABAAEAAAICTAEAOw=="
"UNRWA, Bicycles & other topics – PGA Spokesperson's Briefing",UN Web TV,2 weeks ago,2023-06-03 18:20:37.853435,"Briefing by Paulina Kubiak, Spokesperson for the President of the 77th Session of the General Assembly.",https://media.un.org/en/asset/k18/k18uqdk9un,"data:image/gif;base64,R0lGODlhAQABAIAAAP///////yH5BAEKAAEALAAAAAABAAEAAAICTAEAOw=="
Election of the New President of the General Assembly & other topics - Daily Press Briefing (1 June),YouTube,2 weeks ago,2023-06-03 18:20:37.864433,"Noon briefing by Stéphane Dujarric, Spokesperson for the Secretary-General. Highlights:- Election of New President of the General Assembly- Black Sea...",https://www.youtube.com/watch?v=0DHBhd2-hn8,"data:image/gif;base64,R0lGODlhAQABAIAAAP///////yH5BAEKAAEALAAAAAABAAEAAAICTAEAOw=="
Hot Legal Topics – Episode 3: Immigration Law - General Immigration - Australia,Mondaq,2 weeks ago,2023-06-03 18:20:37.875433,"Hot Legal Topics is a new video series, hosted by Rebecca Spoor, the Business Development Manager at Roam Migration Law, in which leading Australian lawyers...",https://www.mondaq.com/australia/general-immigration/1322312/hot-legal-topics--episode-3-immigration-law,"data:image/gif;base64,R0lGODlhAQABAIAAAP///////yH5BAEKAAEALAAAAAABAAEAAAICTAEAOw=="
"CUET General Test Syllabus 2023: PDF Download, Check Important Topics, Pattern",Jagran Josh,1 month ago,2023-05-17 18:20:37.888433,CUET General Test Syllabus 2023 for the written exam is notified. Check unit-wise topics for exam preparation. Download the latest CUET Geography Syllabus...,https://www.jagranjosh.com/articles/cuet-general-test-syllabus-exam-pattern-pdf-download-1683891567-1,"data:image/gif;base64,R0lGODlhAQABAIAAAP///////yH5BAEKAAEALAAAAAABAAEAAAICTAEAOw=="
Prime Minister and UN Secretary-General Discuss Several Key Topics – Jamaica Information Service,Jamaica Information Service,1 month ago,2023-05-17 18:20:37.902433,"Prime Minister, the Most Hon. Andrew Holness, today (May 15) held bilateral talks with United Nations Secretary-General, António Guterres, at the Office of...",https://jis.gov.jm/prime-minister-and-un-secretary-general-discuss-several-key-topics/,"data:image/gif;base64,R0lGODlhAQABAIAAAP///////yH5BAEKAAEALAAAAAABAAEAAAICTAEAOw=="
"Secretary-General Travel, Sudan, Abyei & other topics - Daily Press Briefing",UN Web TV,1 month ago,2023-05-17 18:20:37.915433,Daily Press Briefing by the Deputy Spokesperson of the Secretary-General Farhan Haq.,https://media.un.org/en/asset/k1u/k1u5c7kqom,"data:image/gif;base64,R0lGODlhAQABAIAAAP///////yH5BAEKAAEALAAAAAABAAEAAAICTAEAOw=="
"Jordan, Bahrain & other topics – PGA Spokesperson Briefing",UN Web TV,1 month ago,2023-05-17 18:20:37.927442,"Briefing by Paulina Kubiak, Spokesperson for the President of the 77th Session of the General Assembly.",https://media.un.org/en/asset/k13/k13uwtc5a8,"data:image/gif;base64,R0lGODlhAQABAIAAAP///////yH5BAEKAAEALAAAAAABAAEAAAICTAEAOw=="
WMO & other topics - PGA Spokesperson's Briefing | UN Web TV,UN Web TV,1 week ago,2023-06-10 18:20:38.533335,"Friday, 9 June 2023. WMO. President Csaba Kőrösi spoke today with Professor Celeste Saulo, Secretary-General-elect of World Meteorological Organization...",https://media.un.org/en/asset/k14/k14d2ga8zg,"data:image/gif;base64,R0lGODlhAQABAIAAAP///////yH5BAEKAAEALAAAAAABAAEAAAICTAEAOw=="
"EPFO SSA Syllabus 2023, Steno & SSA Exam Pattern",BankersAdda,1 week ago,2023-06-10 18:20:38.543850,EPFO SSA Syllabus 2023 and exam pattern should be known to all. The article below has the complete EPFO SSA syllabus and Exam Pattern.,https://www.bankersadda.com/epfo-ssa-syllabus/,"data:image/gif;base64,R0lGODlhAQABAIAAAP///////yH5BAEKAAEALAAAAAABAAEAAAICTAEAOw=="
"UNRWA, Deputy Secretary-General, Security Council & other topics - Daily Press Briefing (2 June)",YouTube,2 weeks ago,2023-06-03 18:20:38.554845,"Noon briefing by Farhan Haq, Deputy Spokesperson for the Secretary-General. Highlights: - UNRWA - Deputy Secretary-General - Security Council - Lebanon...",https://www.youtube.com/watch?v=7HpJN7uDMrI,"data:image/gif;base64,R0lGODlhAQABAIAAAP///////yH5BAEKAAEALAAAAAABAAEAAAICTAEAOw=="
"UNRWA, Bicycles & other topics – PGA Spokesperson's Briefing",UN Web TV,2 weeks ago,2023-06-03 18:20:38.565845,"Briefing by Paulina Kubiak, Spokesperson for the President of the 77th Session of the General Assembly.",https://media.un.org/en/asset/k18/k18uqdk9un,"data:image/gif;base64,R0lGODlhAQABAIAAAP///////yH5BAEKAAEALAAAAAABAAEAAAICTAEAOw=="
Election of the New President of the General Assembly & other topics - Daily Press Briefing (1 June),YouTube,2 weeks ago,2023-06-03 18:20:38.578845,"Noon briefing by Stéphane Dujarric, Spokesperson for the Secretary-General. Highlights:- Election of New President of the General Assembly- Black Sea...",https://www.youtube.com/watch?v=0DHBhd2-hn8,"data:image/gif;base64,R0lGODlhAQABAIAAAP///////yH5BAEKAAEALAAAAAABAAEAAAICTAEAOw=="
Hot Legal Topics – Episode 3: Immigration Law - General Immigration - Australia,Mondaq,2 weeks ago,2023-06-03 18:20:38.590845,"Hot Legal Topics is a new video series, hosted by Rebecca Spoor, the Business Development Manager at Roam Migration Law, in which leading Australian lawyers...",https://www.mondaq.com/australia/general-immigration/1322312/hot-legal-topics--episode-3-immigration-law,"data:image/gif;base64,R0lGODlhAQABAIAAAP///////yH5BAEKAAEALAAAAAABAAEAAAICTAEAOw=="
"CUET General Test Syllabus 2023: PDF Download, Check Important Topics, Pattern",Jagran Josh,1 month ago,2023-05-17 18:20:38.602845,CUET General Test Syllabus 2023 for the written exam is notified. Check unit-wise topics for exam preparation. Download the latest CUET Geography Syllabus...,https://www.jagranjosh.com/articles/cuet-general-test-syllabus-exam-pattern-pdf-download-1683891567-1,"data:image/gif;base64,R0lGODlhAQABAIAAAP///////yH5BAEKAAEALAAAAAABAAEAAAICTAEAOw=="
Prime Minister and UN Secretary-General Discuss Several Key Topics – Jamaica Information Service,Jamaica Information Service,1 month ago,2023-05-17 18:20:38.616845,"Prime Minister, the Most Hon. Andrew Holness, today (May 15) held bilateral talks with United Nations Secretary-General, António Guterres, at the Office of...",https://jis.gov.jm/prime-minister-and-un-secretary-general-discuss-several-key-topics/,"data:image/gif;base64,R0lGODlhAQABAIAAAP///////yH5BAEKAAEALAAAAAABAAEAAAICTAEAOw=="
"Secretary-General Travel, Sudan, Abyei & other topics - Daily Press Briefing",UN Web TV,1 month ago,2023-05-17 18:20:38.630980,Daily Press Briefing by the Deputy Spokesperson of the Secretary-General Farhan Haq.,https://media.un.org/en/asset/k1u/k1u5c7kqom,"data:image/gif;base64,R0lGODlhAQABAIAAAP///////yH5BAEKAAEALAAAAAABAAEAAAICTAEAOw=="
"Jordan, Bahrain & other topics – PGA Spokesperson Briefing",UN Web TV,1 month ago,2023-05-17 18:20:38.644502,"Briefing by Paulina Kubiak, Spokesperson for the President of the 77th Session of the General Assembly.",https://media.un.org/en/asset/k13/k13uwtc5a8,"data:image/gif;base64,R0lGODlhAQABAIAAAP///////yH5BAEKAAEALAAAAAABAAEAAAICTAEAOw=="
MVP Arena general manager optimistic arena football will return to Albany,WNYT.com,1 hour ago,2023-06-17 17:21:12.678417,The season of so many twists and turns for the Albany Empire came to a sudden end on Thursday.,https://wnyt.com/big-board-sports/mvp-arena-general-manager-optimistic-arena-football-will-return-to-albany/,"data:image/gif;base64,R0lGODlhAQABAIAAAP///////yH5BAEKAAEALAAAAAABAAEAAAICTAEAOw=="
"George Floyd's killing capped years of violence, discrimination by Minneapolis police, DOJ says",AP News,1 hour ago,2023-06-17 17:21:12.691419,"U.S. Attorney General Merrick Garland is expected to announce the findings of a two-year investigation of the Minneapolis Police Department, prompted by the...",https://apnews.com/article/george-floyd-minneapolis-police-investigation-19d384c2d90b186b627f9d8cf1d5be2e,"data:image/gif;base64,R0lGODlhAQABAIAAAP///////yH5BAEKAAEALAAAAAABAAEAAAICTAEAOw=="
Community invited to New Path annual general meeting,Barrie Today,1 hour ago,2023-06-17 17:21:12.703423,Event taking place June 20 at Barrie Country Club.,https://www.barrietoday.com/local-news/community-invited-to-new-path-annual-general-meeting-7157961,"data:image/gif;base64,R0lGODlhAQABAIAAAP///////yH5BAEKAAEALAAAAAABAAEAAAICTAEAOw=="
"Benghazi Municipality, with Greek consultants LEAD, launches city's General Plan and expansions project",LibyaHerald,3 hours ago,2023-06-17 15:21:12.718414,"The Municipality of Benghazi reported that yesterday, the Director of Greek LEAD Engineering Consulting Company, Kanakis Mandalios,...",https://libyaherald.com/2023/06/benghazi-municipality-with-greek-consultants-lead-launches-citys-general-plan-and-expansions-project/,"data:image/gif;base64,R0lGODlhAQABAIAAAP///////yH5BAEKAAEALAAAAAABAAEAAAICTAEAOw=="
Iginla hired by Flames as special adviser to general manager,NHL.com,3 hours ago,2023-06-17 15:21:12.733430,"When Craig Conroy was named general manager of the Calgary Flames on May 23, it seemed only a matter of time before his longtime wingman Jarome Iginla was...",https://www.nhl.com/news/jarome-iginla-hired-by-calgary-flames-as-special-adviser-to-general-manager/c-344894416,"data:image/gif;base64,R0lGODlhAQABAIAAAP///////yH5BAEKAAEALAAAAAABAAEAAAICTAEAOw=="
Israel's Attorney General to Object to Ben-Gvir's Bill Seeking Power to Detain Israelis - Israel News,Haaretz,4 hours ago,2023-06-17 14:21:12.749446,"Attorney General Gali Baharav-Miara Warns That the Bill Could Create 'A Slippery Slope' for Israel's Arab Citizens, and 'Violate Basic Principles of Israeli...",https://www.haaretz.com/israel-news/2023-06-17/ty-article/.premium/israels-attorney-general-to-object-to-ben-gvirs-bill-seeking-power-to-detain-israelis/00000188-ca60-d1b0-affe-fff079400000,"data:image/gif;base64,R0lGODlhAQABAIAAAP///////yH5BAEKAAEALAAAAAABAAEAAAICTAEAOw=="
Macron trying to block Ben Wallace from becoming next Nato secretary-general,The Telegraph,4 hours ago,2023-06-17 14:21:12.763988,Emmanuel Macron is trying to block Ben Wallace from becoming the next Nato secretary-general because the UK has left the European Union.,https://www.telegraph.co.uk/world-news/2023/06/17/macron-block-ben-wallace-bid-top-nato-post-citing-brexit/,"data:image/gif;base64,R0lGODlhAQABAIAAAP///////yH5BAEKAAEALAAAAAABAAEAAAICTAEAOw=="
This could hurt Biden in the general election,YouTube,4 hours ago,2023-06-17 14:21:12.780978,The Hill editor-in-chief Bob Cusack joins 'Cavuto Live' and says Homeland Security Secretary Alejandro Mayorkas likely will not be impeached because...,https://www.youtube.com/watch?v=iJI2bGmI2Ho,"data:image/gif;base64,R0lGODlhAQABAIAAAP///////yH5BAEKAAEALAAAAAABAAEAAAICTAEAOw=="
General Authority for Exhibitions signs agreement with Turkish state exhibitions company Nobel,LibyaHerald,5 hours ago,2023-06-17 13:21:12.795982,The Ministry of Economy and Trade announced yesterday that its General Authority for Exhibitions concluded a cooperation agreement with the Nobel...,https://libyaherald.com/2023/06/general-authority-for-exhibitions-signs-cooperation-agreement-with-turkish-state-exhibitions-company-nobel/,"data:image/gif;base64,R0lGODlhAQABAIAAAP///////yH5BAEKAAEALAAAAAABAAEAAAICTAEAOw=="
"General Staff: Russian forces fail to advance in the east, conduct 37 airstrikes across Ukraine",The Kyiv Independent,5 hours ago,2023-06-17 13:21:12.810977,"Russian forces tried to advance toward the towns of Kupiansk, Lyman, Avdiivka, Marinka, and Shakhtarsk in eastern and southeastern Ukraine but failed to...",https://kyivindependent.com/general-staff-russian-forces-fail-to-advance-in-the-east/,"data:image/gif;base64,R0lGODlhAQABAIAAAP///////yH5BAEKAAEALAAAAAABAAEAAAICTAEAOw=="
MVP Arena general manager optimistic arena football will return to Albany,WNYT.com,1 hour ago,2023-06-17 17:21:13.491940,The season of so many twists and turns for the Albany Empire came to a sudden end on Thursday.,https://wnyt.com/big-board-sports/mvp-arena-general-manager-optimistic-arena-football-will-return-to-albany/,"data:image/gif;base64,R0lGODlhAQABAIAAAP///////yH5BAEKAAEALAAAAAABAAEAAAICTAEAOw=="
"George Floyd's killing capped years of violence, discrimination by Minneapolis police, DOJ says",AP News,1 hour ago,2023-06-17 17:21:13.503937,"U.S. Attorney General Merrick Garland is expected to announce the findings of a two-year investigation of the Minneapolis Police Department, prompted by the...",https://apnews.com/article/george-floyd-minneapolis-police-investigation-19d384c2d90b186b627f9d8cf1d5be2e,"data:image/gif;base64,R0lGODlhAQABAIAAAP///////yH5BAEKAAEALAAAAAABAAEAAAICTAEAOw=="
Community invited to New Path annual general meeting,Barrie Today,1 hour ago,2023-06-17 17:21:13.515936,Event taking place June 20 at Barrie Country Club.,https://www.barrietoday.com/local-news/community-invited-to-new-path-annual-general-meeting-7157961,"data:image/gif;base64,R0lGODlhAQABAIAAAP///////yH5BAEKAAEALAAAAAABAAEAAAICTAEAOw=="
"Benghazi Municipality, with Greek consultants LEAD, launches city's General Plan and expansions project",LibyaHerald,3 hours ago,2023-06-17 15:21:13.527936,"The Municipality of Benghazi reported that yesterday, the Director of Greek LEAD Engineering Consulting Company, Kanakis Mandalios,...",https://libyaherald.com/2023/06/benghazi-municipality-with-greek-consultants-lead-launches-citys-general-plan-and-expansions-project/,"data:image/gif;base64,R0lGODlhAQABAIAAAP///////yH5BAEKAAEALAAAAAABAAEAAAICTAEAOw=="
Iginla hired by Flames as special adviser to general manager,NHL.com,3 hours ago,2023-06-17 15:21:13.538944,"When Craig Conroy was named general manager of the Calgary Flames on May 23, it seemed only a matter of time before his longtime wingman Jarome Iginla was...",https://www.nhl.com/news/jarome-iginla-hired-by-calgary-flames-as-special-adviser-to-general-manager/c-344894416,"data:image/gif;base64,R0lGODlhAQABAIAAAP///////yH5BAEKAAEALAAAAAABAAEAAAICTAEAOw=="
Israel's Attorney General to Object to Ben-Gvir's Bill Seeking Power to Detain Israelis - Israel News,Haaretz,4 hours ago,2023-06-17 14:21:13.549943,"Attorney General Gali Baharav-Miara Warns That the Bill Could Create 'A Slippery Slope' for Israel's Arab Citizens, and 'Violate Basic Principles of Israeli...",https://www.haaretz.com/israel-news/2023-06-17/ty-article/.premium/israels-attorney-general-to-object-to-ben-gvirs-bill-seeking-power-to-detain-israelis/00000188-ca60-d1b0-affe-fff079400000,"data:image/gif;base64,R0lGODlhAQABAIAAAP///////yH5BAEKAAEALAAAAAABAAEAAAICTAEAOw=="
Macron trying to block Ben Wallace from becoming next Nato secretary-general,The Telegraph,4 hours ago,2023-06-17 14:21:13.560459,Emmanuel Macron is trying to block Ben Wallace from becoming the next Nato secretary-general because the UK has left the European Union.,https://www.telegraph.co.uk/world-news/2023/06/17/macron-block-ben-wallace-bid-top-nato-post-citing-brexit/,"data:image/gif;base64,R0lGODlhAQABAIAAAP///////yH5BAEKAAEALAAAAAABAAEAAAICTAEAOw=="
This could hurt Biden in the general election,YouTube,4 hours ago,2023-06-17 14:21:13.572458,The Hill editor-in-chief Bob Cusack joins 'Cavuto Live' and says Homeland Security Secretary Alejandro Mayorkas likely will not be impeached because...,https://www.youtube.com/watch?v=iJI2bGmI2Ho,"data:image/gif;base64,R0lGODlhAQABAIAAAP///////yH5BAEKAAEALAAAAAABAAEAAAICTAEAOw=="
General Authority for Exhibitions signs agreement with Turkish state exhibitions company Nobel,LibyaHerald,5 hours ago,2023-06-17 13:21:13.583458,The Ministry of Economy and Trade announced yesterday that its General Authority for Exhibitions concluded a cooperation agreement with the Nobel...,https://libyaherald.com/2023/06/general-authority-for-exhibitions-signs-cooperation-agreement-with-turkish-state-exhibitions-company-nobel/,"data:image/gif;base64,R0lGODlhAQABAIAAAP///////yH5BAEKAAEALAAAAAABAAEAAAICTAEAOw=="
"General Staff: Russian forces fail to advance in the east, conduct 37 airstrikes across Ukraine",The Kyiv Independent,5 hours ago,2023-06-17 13:21:13.594459,"Russian forces tried to advance toward the towns of Kupiansk, Lyman, Avdiivka, Marinka, and Shakhtarsk in eastern and southeastern Ukraine but failed to...",https://kyivindependent.com/general-staff-russian-forces-fail-to-advance-in-the-east/,"data:image/gif;base64,R0lGODlhAQABAIAAAP///////yH5BAEKAAEALAAAAAABAAEAAAICTAEAOw=="
MVP Arena general manager optimistic arena football will return to Albany,WNYT.com,1 hour ago,2023-06-17 17:21:14.381063,The season of so many twists and turns for the Albany Empire came to a sudden end on Thursday.,https://wnyt.com/big-board-sports/mvp-arena-general-manager-optimistic-arena-football-will-return-to-albany/,"data:image/gif;base64,R0lGODlhAQABAIAAAP///////yH5BAEKAAEALAAAAAABAAEAAAICTAEAOw=="
"George Floyd's killing capped years of violence, discrimination by Minneapolis police, DOJ says",AP News,1 hour ago,2023-06-17 17:21:14.392062,"U.S. Attorney General Merrick Garland is expected to announce the findings of a two-year investigation of the Minneapolis Police Department, prompted by the...",https://apnews.com/article/george-floyd-minneapolis-police-investigation-19d384c2d90b186b627f9d8cf1d5be2e,"data:image/gif;base64,R0lGODlhAQABAIAAAP///////yH5BAEKAAEALAAAAAABAAEAAAICTAEAOw=="
Community invited to New Path annual general meeting,Barrie Today,1 hour ago,2023-06-17 17:21:14.404062,Event taking place June 20 at Barrie Country Club.,https://www.barrietoday.com/local-news/community-invited-to-new-path-annual-general-meeting-7157961,"data:image/gif;base64,R0lGODlhAQABAIAAAP///////yH5BAEKAAEALAAAAAABAAEAAAICTAEAOw=="
"Benghazi Municipality, with Greek consultants LEAD, launches city's General Plan and expansions project",LibyaHerald,3 hours ago,2023-06-17 15:21:14.416062,"The Municipality of Benghazi reported that yesterday, the Director of Greek LEAD Engineering Consulting Company, Kanakis Mandalios,...",https://libyaherald.com/2023/06/benghazi-municipality-with-greek-consultants-lead-launches-citys-general-plan-and-expansions-project/,"data:image/gif;base64,R0lGODlhAQABAIAAAP///////yH5BAEKAAEALAAAAAABAAEAAAICTAEAOw=="
Iginla hired by Flames as special adviser to general manager,NHL.com,3 hours ago,2023-06-17 15:21:14.427062,"When Craig Conroy was named general manager of the Calgary Flames on May 23, it seemed only a matter of time before his longtime wingman Jarome Iginla was...",https://www.nhl.com/news/jarome-iginla-hired-by-calgary-flames-as-special-adviser-to-general-manager/c-344894416,"data:image/gif;base64,R0lGODlhAQABAIAAAP///////yH5BAEKAAEALAAAAAABAAEAAAICTAEAOw=="
Israel's Attorney General to Object to Ben-Gvir's Bill Seeking Power to Detain Israelis - Israel News,Haaretz,4 hours ago,2023-06-17 14:21:14.439071,"Attorney General Gali Baharav-Miara Warns That the Bill Could Create 'A Slippery Slope' for Israel's Arab Citizens, and 'Violate Basic Principles of Israeli...",https://www.haaretz.com/israel-news/2023-06-17/ty-article/.premium/israels-attorney-general-to-object-to-ben-gvirs-bill-seeking-power-to-detain-israelis/00000188-ca60-d1b0-affe-fff079400000,"data:image/gif;base64,R0lGODlhAQABAIAAAP///////yH5BAEKAAEALAAAAAABAAEAAAICTAEAOw=="
Macron trying to block Ben Wallace from becoming next Nato secretary-general,The Telegraph,4 hours ago,2023-06-17 14:21:14.451574,Emmanuel Macron is trying to block Ben Wallace from becoming the next Nato secretary-general because the UK has left the European Union.,https://www.telegraph.co.uk/world-news/2023/06/17/macron-block-ben-wallace-bid-top-nato-post-citing-brexit/,"data:image/gif;base64,R0lGODlhAQABAIAAAP///////yH5BAEKAAEALAAAAAABAAEAAAICTAEAOw=="
This could hurt Biden in the general election,YouTube,4 hours ago,2023-06-17 14:21:14.463583,The Hill editor-in-chief Bob Cusack joins 'Cavuto Live' and says Homeland Security Secretary Alejandro Mayorkas likely will not be impeached because...,https://www.youtube.com/watch?v=iJI2bGmI2Ho,"data:image/gif;base64,R0lGODlhAQABAIAAAP///////yH5BAEKAAEALAAAAAABAAEAAAICTAEAOw=="
General Authority for Exhibitions signs agreement with Turkish state exhibitions company Nobel,LibyaHerald,5 hours ago,2023-06-17 13:21:14.474581,The Ministry of Economy and Trade announced yesterday that its General Authority for Exhibitions concluded a cooperation agreement with the Nobel...,https://libyaherald.com/2023/06/general-authority-for-exhibitions-signs-cooperation-agreement-with-turkish-state-exhibitions-company-nobel/,"data:image/gif;base64,R0lGODlhAQABAIAAAP///////yH5BAEKAAEALAAAAAABAAEAAAICTAEAOw=="
Millions remain under severe storm threat as one Texas town digs out after a deadly tornado,CNN,6 mins ago,2023-06-17 18:15:25.953592,A heightened risk of severe weather is expected across a large swath of the southern United States on Saturday and Sunday – days after storms cut a deadly...,https://www.cnn.com/2023/06/16/weather/perryton-texas-tornado-friday/index.html,"data:image/gif;base64,R0lGODlhAQABAIAAAP///////yH5BAEKAAEALAAAAAABAAEAAAICTAEAOw=="
"WestJet to shut down Sunwing Airlines, merge it with mainline business",CTV News,9 mins ago,2023-06-17 18:12:25.956128,WestJet will wind down Sunwing Airlines and integrate the low-cost carrier into its mainline business within two years as part of a strategy to streamline...,https://www.ctvnews.ca/business/westjet-to-shut-down-sunwing-airlines-merge-it-with-mainline-business-1.6445284,"data:image/gif;base64,R0lGODlhAQABAIAAAP///////yH5BAEKAAEALAAAAAABAAEAAAICTAEAOw=="
LIVE Powerlifting World Classic Open Championships | Men's 105kg & 120kg GROUP A,YouTube,1 hour ago,2023-06-17 17:21:25.968135,"Get ready for the powerlifting event of the year! The International Powerlifting Federation celebrates, for the first time ever in Malta, the 2023 IPF World...",https://www.youtube.com/watch?v=TH8HKvMIuGM,"data:image/gif;base64,R0lGODlhAQABAIAAAP///////yH5BAEKAAEALAAAAAABAAEAAAICTAEAOw=="
Military investigates sexual misconduct allegation against Snowbirds pilot,CP24,2 hours ago,2023-06-17 16:21:25.980137,The Royal Canadian Air Force says it is investigating a sexual misconduct allegation against a Snowbirds pilot.,https://www.cp24.com/news/military-investigates-sexual-misconduct-allegation-against-snowbirds-pilot-1.6445402,"data:image/gif;base64,R0lGODlhAQABAIAAAP///////yH5BAEKAAEALAAAAAABAAEAAAICTAEAOw=="
Ecuadorean woman who revived during her wake is dead after a week in intensive care at a hospital,CTV News,2 hours ago,2023-06-17 16:21:25.993127,A 76-year-old woman who had been declared dead and surprised her relatives by knocking on her coffin during her wake earlier this month has died after seven...,https://www.ctvnews.ca/world/ecuadorean-woman-who-revived-during-her-wake-is-dead-after-a-week-in-intensive-care-at-a-hospital-1.6445400,"data:image/gif;base64,R0lGODlhAQABAIAAAP///////yH5BAEKAAEALAAAAAABAAEAAAICTAEAOw=="
"Haiti crisis: Dominican Republic, Canada disagree over police aid",CTV News,2 hours ago,2023-06-17 16:21:26.007128,"As Haiti's police struggle to contain powerful armed gangs, a disagreement between the Dominican Republic and Canada spilled out into the public on Friday,...",https://www.ctvnews.ca/canada/dominican-republic-canada-disagree-over-haitian-police-aid-office-1.6445395,"data:image/gif;base64,R0lGODlhAQABAIAAAP///////yH5BAEKAAEALAAAAAABAAEAAAICTAEAOw=="
A popular wellness bar is coming soon to Mississauga | insauga,Insauga.com,2 hours ago,2023-06-17 16:21:26.019124,Calling all health foodies! A popular wellness blend bar has announced that its newest franchise will be opening in Mississauga.,https://www.insauga.com/a-popular-wellness-bar-is-coming-soon-to-mississauga/,"data:image/gif;base64,R0lGODlhAQABAIAAAP///////yH5BAEKAAEALAAAAAABAAEAAAICTAEAOw=="
Heat wave has U.S. South sweltering,CP24,3 hours ago,2023-06-17 15:21:26.030886,Communities from Houston to New Orleans opened cooling centers to bring relief as steamy hot temperatures settled across a broad swath of the U.S. South on...,https://www.cp24.com/world/heat-wave-has-u-s-south-sweltering-1.6445364,"data:image/gif;base64,R0lGODlhAQABAIAAAP///////yH5BAEKAAEALAAAAAABAAEAAAICTAEAOw=="
TD Bank says outage that halted direct deposits has been resolved,CP24,3 hours ago,2023-06-17 15:21:26.041612,TD Bank says it has fixed the technical problems that kept some account holders from getting paid on Friday. A representative for the bank says the outage...,https://www.cp24.com/news/td-bank-says-outage-that-halted-direct-deposits-has-been-resolved-1.6445357,"data:image/gif;base64,R0lGODlhAQABAIAAAP///////yH5BAEKAAEALAAAAAABAAEAAAICTAEAOw=="
Nikki Haley calls husband’s National Guard deployment a ‘moment of pride’,CNN,3 hours ago,2023-06-17 15:21:26.053599,Republican presidential candidate Nikki Haley said Saturday that while it was difficult having her husband deploy to Africa with the South Carolina Army...,https://www.cnn.com/2023/06/17/politics/nikki-haley-michael-deployment-ceremony-africa/index.html,"data:image/gif;base64,R0lGODlhAQABAIAAAP///////yH5BAEKAAEALAAAAAABAAEAAAICTAEAOw=="
Millions remain under severe storm threat as one Texas town digs out after a deadly tornado,CNN,6 mins ago,2023-06-17 18:15:26.978905,A heightened risk of severe weather is expected across a large swath of the southern United States on Saturday and Sunday – days after storms cut a deadly...,https://www.cnn.com/2023/06/16/weather/perryton-texas-tornado-friday/index.html,"data:image/gif;base64,R0lGODlhAQABAIAAAP///////yH5BAEKAAEALAAAAAABAAEAAAICTAEAOw=="
"WestJet to shut down Sunwing Airlines, merge it with mainline business",CTV News,9 mins ago,2023-06-17 18:12:26.980905,WestJet will wind down Sunwing Airlines and integrate the low-cost carrier into its mainline business within two years as part of a strategy to streamline...,https://www.ctvnews.ca/business/westjet-to-shut-down-sunwing-airlines-merge-it-with-mainline-business-1.6445284,"data:image/gif;base64,R0lGODlhAQABAIAAAP///////yH5BAEKAAEALAAAAAABAAEAAAICTAEAOw=="
LIVE Powerlifting World Classic Open Championships | Men's 105kg & 120kg GROUP A,YouTube,1 hour ago,2023-06-17 17:21:26.993904,"Get ready for the powerlifting event of the year! The International Powerlifting Federation celebrates, for the first time ever in Malta, the 2023 IPF World...",https://www.youtube.com/watch?v=TH8HKvMIuGM,"data:image/gif;base64,R0lGODlhAQABAIAAAP///////yH5BAEKAAEALAAAAAABAAEAAAICTAEAOw=="
Military investigates sexual misconduct allegation against Snowbirds pilot,CP24,2 hours ago,2023-06-17 16:21:27.005912,The Royal Canadian Air Force says it is investigating a sexual misconduct allegation against a Snowbirds pilot.,https://www.cp24.com/news/military-investigates-sexual-misconduct-allegation-against-snowbirds-pilot-1.6445402,"data:image/gif;base64,R0lGODlhAQABAIAAAP///////yH5BAEKAAEALAAAAAABAAEAAAICTAEAOw=="
Ecuadorean woman who revived during her wake is dead after a week in intensive care at a hospital,CTV News,2 hours ago,2023-06-17 16:21:27.016905,A 76-year-old woman who had been declared dead and surprised her relatives by knocking on her coffin during her wake earlier this month has died after seven...,https://www.ctvnews.ca/world/ecuadorean-woman-who-revived-during-her-wake-is-dead-after-a-week-in-intensive-care-at-a-hospital-1.6445400,"data:image/gif;base64,R0lGODlhAQABAIAAAP///////yH5BAEKAAEALAAAAAABAAEAAAICTAEAOw=="
"Haiti crisis: Dominican Republic, Canada disagree over police aid",CTV News,2 hours ago,2023-06-17 16:21:27.027904,"As Haiti's police struggle to contain powerful armed gangs, a disagreement between the Dominican Republic and Canada spilled out into the public on Friday,...",https://www.ctvnews.ca/canada/dominican-republic-canada-disagree-over-haitian-police-aid-office-1.6445395,"data:image/gif;base64,R0lGODlhAQABAIAAAP///////yH5BAEKAAEALAAAAAABAAEAAAICTAEAOw=="
A popular wellness bar is coming soon to Mississauga | insauga,Insauga.com,2 hours ago,2023-06-17 16:21:27.039045,Calling all health foodies! A popular wellness blend bar has announced that its newest franchise will be opening in Mississauga.,https://www.insauga.com/a-popular-wellness-bar-is-coming-soon-to-mississauga/,"data:image/gif;base64,R0lGODlhAQABAIAAAP///////yH5BAEKAAEALAAAAAABAAEAAAICTAEAOw=="
Heat wave has U.S. South sweltering,CP24,3 hours ago,2023-06-17 15:21:27.051053,Communities from Houston to New Orleans opened cooling centers to bring relief as steamy hot temperatures settled across a broad swath of the U.S. South on...,https://www.cp24.com/world/heat-wave-has-u-s-south-sweltering-1.6445364,"data:image/gif;base64,R0lGODlhAQABAIAAAP///////yH5BAEKAAEALAAAAAABAAEAAAICTAEAOw=="
TD Bank says outage that halted direct deposits has been resolved,CP24,3 hours ago,2023-06-17 15:21:27.061572,TD Bank says it has fixed the technical problems that kept some account holders from getting paid on Friday. A representative for the bank says the outage...,https://www.cp24.com/news/td-bank-says-outage-that-halted-direct-deposits-has-been-resolved-1.6445357,"data:image/gif;base64,R0lGODlhAQABAIAAAP///////yH5BAEKAAEALAAAAAABAAEAAAICTAEAOw=="
Nikki Haley calls husband’s National Guard deployment a ‘moment of pride’,CNN,3 hours ago,2023-06-17 15:21:27.073569,Republican presidential candidate Nikki Haley said Saturday that while it was difficult having her husband deploy to Africa with the South Carolina Army...,https://www.cnn.com/2023/06/17/politics/nikki-haley-michael-deployment-ceremony-africa/index.html,"data:image/gif;base64,R0lGODlhAQABAIAAAP///////yH5BAEKAAEALAAAAAABAAEAAAICTAEAOw=="
Millions remain under severe storm threat as one Texas town digs out after a deadly tornado,CNN,6 mins ago,2023-06-17 18:15:27.697788,A heightened risk of severe weather is expected across a large swath of the southern United States on Saturday and Sunday – days after storms cut a deadly...,https://www.cnn.com/2023/06/16/weather/perryton-texas-tornado-friday/index.html,"data:image/gif;base64,R0lGODlhAQABAIAAAP///////yH5BAEKAAEALAAAAAABAAEAAAICTAEAOw=="
"WestJet to shut down Sunwing Airlines, merge it with mainline business",CTV News,9 mins ago,2023-06-17 18:12:27.700788,WestJet will wind down Sunwing Airlines and integrate the low-cost carrier into its mainline business within two years as part of a strategy to streamline...,https://www.ctvnews.ca/business/westjet-to-shut-down-sunwing-airlines-merge-it-with-mainline-business-1.6445284,"data:image/gif;base64,R0lGODlhAQABAIAAAP///////yH5BAEKAAEALAAAAAABAAEAAAICTAEAOw=="
LIVE Powerlifting World Classic Open Championships | Men's 105kg & 120kg GROUP A,YouTube,1 hour ago,2023-06-17 17:21:27.710788,"Get ready for the powerlifting event of the year! The International Powerlifting Federation celebrates, for the first time ever in Malta, the 2023 IPF World...",https://www.youtube.com/watch?v=TH8HKvMIuGM,"data:image/gif;base64,R0lGODlhAQABAIAAAP///////yH5BAEKAAEALAAAAAABAAEAAAICTAEAOw=="
Military investigates sexual misconduct allegation against Snowbirds pilot,CP24,2 hours ago,2023-06-17 16:21:27.722788,The Royal Canadian Air Force says it is investigating a sexual misconduct allegation against a Snowbirds pilot.,https://www.cp24.com/news/military-investigates-sexual-misconduct-allegation-against-snowbirds-pilot-1.6445402,"data:image/gif;base64,R0lGODlhAQABAIAAAP///////yH5BAEKAAEALAAAAAABAAEAAAICTAEAOw=="
Ecuadorean woman who revived during her wake is dead after a week in intensive care at a hospital,CTV News,2 hours ago,2023-06-17 16:21:27.733788,A 76-year-old woman who had been declared dead and surprised her relatives by knocking on her coffin during her wake earlier this month has died after seven...,https://www.ctvnews.ca/world/ecuadorean-woman-who-revived-during-her-wake-is-dead-after-a-week-in-intensive-care-at-a-hospital-1.6445400,"data:image/gif;base64,R0lGODlhAQABAIAAAP///////yH5BAEKAAEALAAAAAABAAEAAAICTAEAOw=="
"Haiti crisis: Dominican Republic, Canada disagree over police aid",CTV News,2 hours ago,2023-06-17 16:21:27.744794,"As Haiti's police struggle to contain powerful armed gangs, a disagreement between the Dominican Republic and Canada spilled out into the public on Friday,...",https://www.ctvnews.ca/canada/dominican-republic-canada-disagree-over-haitian-police-aid-office-1.6445395,"data:image/gif;base64,R0lGODlhAQABAIAAAP///////yH5BAEKAAEALAAAAAABAAEAAAICTAEAOw=="
A popular wellness bar is coming soon to Mississauga | insauga,Insauga.com,2 hours ago,2023-06-17 16:21:27.755303,Calling all health foodies! A popular wellness blend bar has announced that its newest franchise will be opening in Mississauga.,https://www.insauga.com/a-popular-wellness-bar-is-coming-soon-to-mississauga/,"data:image/gif;base64,R0lGODlhAQABAIAAAP///////yH5BAEKAAEALAAAAAABAAEAAAICTAEAOw=="
Heat wave has U.S. South sweltering,CP24,3 hours ago,2023-06-17 15:21:27.766309,Communities from Houston to New Orleans opened cooling centers to bring relief as steamy hot temperatures settled across a broad swath of the U.S. South on...,https://www.cp24.com/world/heat-wave-has-u-s-south-sweltering-1.6445364,"data:image/gif;base64,R0lGODlhAQABAIAAAP///////yH5BAEKAAEALAAAAAABAAEAAAICTAEAOw=="
TD Bank says outage that halted direct deposits has been resolved,CP24,3 hours ago,2023-06-17 15:21:27.777310,TD Bank says it has fixed the technical problems that kept some account holders from getting paid on Friday. A representative for the bank says the outage...,https://www.cp24.com/news/td-bank-says-outage-that-halted-direct-deposits-has-been-resolved-1.6445357,"data:image/gif;base64,R0lGODlhAQABAIAAAP///////yH5BAEKAAEALAAAAAABAAEAAAICTAEAOw=="
Nikki Haley calls husband’s National Guard deployment a ‘moment of pride’,CNN,3 hours ago,2023-06-17 15:21:27.791311,Republican presidential candidate Nikki Haley said Saturday that while it was difficult having her husband deploy to Africa with the South Carolina Army...,https://www.cnn.com/2023/06/17/politics/nikki-haley-michael-deployment-ceremony-africa/index.html,"data:image/gif;base64,R0lGODlhAQABAIAAAP///////yH5BAEKAAEALAAAAAABAAEAAAICTAEAOw=="
"Daily Pilot e-newspaper: Saturday, June 17, 2023",Los Angeles Times,2 hours ago,2023-06-17 16:21:51.552096,"The Daily Pilot's e-newspaper includes Saturday's coverage of Newport Beach, Huntington Beach, Costa Mesa, Laguna Beach, Fountain Valley and other parts of...",https://www.latimes.com/socal/daily-pilot/news/story/2023-06-17/daily-pilot-e-newspaper-saturday-june-17-2023,"data:image/gif;base64,R0lGODlhAQABAIAAAP///////yH5BAEKAAEALAAAAAABAAEAAAICTAEAOw=="
Jang-e-Azadi memorial probe not an attack on media: Bhagwant Mann,Hindustan Times,2 hours ago,2023-06-17 16:21:51.563602,Punjab CM Bhagwant Mann has said vigilance bureau calling an influential person for swindling funds in the Jang-e-Azadi memorial building was not attack on...,https://www.hindustantimes.com/cities/chandigarh-news/jangeazadi-memorial-probe-not-an-attack-on-media-bhagwant-mann-101687030092573.html,"data:image/gif;base64,R0lGODlhAQABAIAAAP///////yH5BAEKAAEALAAAAAABAAEAAAICTAEAOw=="
See Behind-the-Scenes Photo of Kourtney Kardashian Working on Pregnancy Announcement for Blink-182 Show,E! Online,2 hours ago,2023-06-17 16:21:51.576609,"Kourtney Kardashian was photographed sitting on the floor and creating her pregnancy reveal poster, before she shared her and Travis Barker's big news at a...",https://www.eonline.com/ca/news/1377504/see-behind-the-scenes-photo-of-kourtney-kardashian-working-on-pregnancy-announcement-for-blink-182-show,"data:image/gif;base64,R0lGODlhAQABAIAAAP///////yH5BAEKAAEALAAAAAABAAEAAAICTAEAOw=="
"Boil water advisory issued for Amery, Wis. due to E. coli",CBS News,3 hours ago,2023-06-17 15:21:51.587609,Officials in the western Wisconsin city of Amery have issued a precautionary boil water advisory after E. coli bacteria were detected in the drinking water.,https://www.cbsnews.com/minnesota/news/boil-water-advisory-issued-for-amery-wis-due-to-e-coli/,"data:image/gif;base64,R0lGODlhAQABAIAAAP///////yH5BAEKAAEALAAAAAABAAEAAAICTAEAOw=="
See Kourtney Kardashian's Pregnancy Reveal at Blink-182 Concert! | E! News,YouTube,4 hours ago,2023-06-17 14:21:51.599611,Kourtney Kardashian announces she's expecting her fourth child—her first with Travis Barker—during his Blink-182 concert in Los Angeles.,https://www.youtube.com/watch?v=Qco_JaUUHKc,"data:image/gif;base64,R0lGODlhAQABAIAAAP///////yH5BAEKAAEALAAAAAABAAEAAAICTAEAOw=="
"Zendaya Feeds Tom Holland Ice Cream on Romantic London Stroll, Proving They’re the Coolest Couple",E! Online,4 hours ago,2023-06-17 14:21:51.610609,Zendaya and Tom Holland were photographed walking together during a day outing in London—and the photos of the couple will have your speedy senses tingling.,https://www.eonline.com/news/1377497/zendaya-feeds-tom-holland-ice-cream-on-romantic-london-stroll-proving-theyre-the-coolest-couple,"data:image/gif;base64,R0lGODlhAQABAIAAAP///////yH5BAEKAAEALAAAAAABAAEAAAICTAEAOw=="
"Kourtney Kardashian Is Pregnant, Expecting Baby With Travis Barker! | E! News",YouTube,5 hours ago,2023-06-17 13:21:51.621609,"After sharing their road to pregnancy on Hulu's ""The Kardashians,"" Kourtney Kardashian and blink-182 drummer Travis Barker are expecting their first baby...",https://www.youtube.com/watch?v=BGdkqKlyf_8,"data:image/gif;base64,R0lGODlhAQABAIAAAP///////yH5BAEKAAEALAAAAAABAAEAAAICTAEAOw=="
Prince Harry and Meghan Markle Miss King Charles III's Trooping the Colour Celebration,E! Online,5 hours ago,2023-06-17 13:21:51.632609,"Prince Harry and Meghan Markle were absent from King Charles III's Trooping the Colour celebration on June 17, days after reports surfaced that they didn't...",https://www.eonline.com/ca/news/1377494/prince-harry-and-meghan-markle-miss-king-charles-iiis-trooping-the-colour-celebration,"data:image/gif;base64,R0lGODlhAQABAIAAAP///////yH5BAEKAAEALAAAAAABAAEAAAICTAEAOw=="
See the Royal Family at King Charles' Trooping the Colour Celebration,E! Online,6 hours ago,2023-06-17 12:21:51.643609,"Prince William, Kate Middleton and their kids, Prince George, 9, Princess Charlotte, 8, and Prince Louis, 5, were among those in attendance for King Charles...",https://www.eonline.com/news/1377305/see-the-royal-family-at-king-charles-iiis-trooping-the-colour-celebration,"data:image/gif;base64,R0lGODlhAQABAIAAAP///////yH5BAEKAAEALAAAAAABAAEAAAICTAEAOw=="
Kourtney Kardashian and Travis Barker Expecting First Baby Together: Look Back at Their Whirlwind Romance,E! Online,7 hours ago,2023-06-17 11:21:51.654617,"One year after marrying Travis Barker, Kourtney Kardashian—who shares three kids with ex Scott Disick—shared she's pregnant with their first baby.",https://www.eonline.com/ca/news/1377492/kourtney-kardashian-and-travis-barker-expecting-first-baby-together-look-back-at-their-whirlwind-romance,"data:image/gif;base64,R0lGODlhAQABAIAAAP///////yH5BAEKAAEALAAAAAABAAEAAAICTAEAOw=="
"Daily Pilot e-newspaper: Saturday, June 17, 2023",Los Angeles Times,2 hours ago,2023-06-17 16:21:52.345736,"The Daily Pilot's e-newspaper includes Saturday's coverage of Newport Beach, Huntington Beach, Costa Mesa, Laguna Beach, Fountain Valley and other parts of...",https://www.latimes.com/socal/daily-pilot/news/story/2023-06-17/daily-pilot-e-newspaper-saturday-june-17-2023,"data:image/gif;base64,R0lGODlhAQABAIAAAP///////yH5BAEKAAEALAAAAAABAAEAAAICTAEAOw=="
Jang-e-Azadi memorial probe not an attack on media: Bhagwant Mann,Hindustan Times,2 hours ago,2023-06-17 16:21:52.357742,Punjab CM Bhagwant Mann has said vigilance bureau calling an influential person for swindling funds in the Jang-e-Azadi memorial building was not attack on...,https://www.hindustantimes.com/cities/chandigarh-news/jangeazadi-memorial-probe-not-an-attack-on-media-bhagwant-mann-101687030092573.html,"data:image/gif;base64,R0lGODlhAQABAIAAAP///////yH5BAEKAAEALAAAAAABAAEAAAICTAEAOw=="
See Behind-the-Scenes Photo of Kourtney Kardashian Working on Pregnancy Announcement for Blink-182 Show,E! Online,2 hours ago,2023-06-17 16:21:52.370255,"Kourtney Kardashian was photographed sitting on the floor and creating her pregnancy reveal poster, before she shared her and Travis Barker's big news at a...",https://www.eonline.com/ca/news/1377504/see-behind-the-scenes-photo-of-kourtney-kardashian-working-on-pregnancy-announcement-for-blink-182-show,"data:image/gif;base64,R0lGODlhAQABAIAAAP///////yH5BAEKAAEALAAAAAABAAEAAAICTAEAOw=="
"Boil water advisory issued for Amery, Wis. due to E. coli",CBS News,3 hours ago,2023-06-17 15:21:52.381254,Officials in the western Wisconsin city of Amery have issued a precautionary boil water advisory after E. coli bacteria were detected in the drinking water.,https://www.cbsnews.com/minnesota/news/boil-water-advisory-issued-for-amery-wis-due-to-e-coli/,"data:image/gif;base64,R0lGODlhAQABAIAAAP///////yH5BAEKAAEALAAAAAABAAEAAAICTAEAOw=="
See Kourtney Kardashian's Pregnancy Reveal at Blink-182 Concert! | E! News,YouTube,4 hours ago,2023-06-17 14:21:52.392254,Kourtney Kardashian announces she's expecting her fourth child—her first with Travis Barker—during his Blink-182 concert in Los Angeles.,https://www.youtube.com/watch?v=Qco_JaUUHKc,"data:image/gif;base64,R0lGODlhAQABAIAAAP///////yH5BAEKAAEALAAAAAABAAEAAAICTAEAOw=="
"Zendaya Feeds Tom Holland Ice Cream on Romantic London Stroll, Proving They’re the Coolest Couple",E! Online,4 hours ago,2023-06-17 14:21:52.403254,Zendaya and Tom Holland were photographed walking together during a day outing in London—and the photos of the couple will have your speedy senses tingling.,https://www.eonline.com/news/1377497/zendaya-feeds-tom-holland-ice-cream-on-romantic-london-stroll-proving-theyre-the-coolest-couple,"data:image/gif;base64,R0lGODlhAQABAIAAAP///////yH5BAEKAAEALAAAAAABAAEAAAICTAEAOw=="
"Kourtney Kardashian Is Pregnant, Expecting Baby With Travis Barker! | E! News",YouTube,5 hours ago,2023-06-17 13:21:52.414255,"After sharing their road to pregnancy on Hulu's ""The Kardashians,"" Kourtney Kardashian and blink-182 drummer Travis Barker are expecting their first baby...",https://www.youtube.com/watch?v=BGdkqKlyf_8,"data:image/gif;base64,R0lGODlhAQABAIAAAP///////yH5BAEKAAEALAAAAAABAAEAAAICTAEAOw=="
Prince Harry and Meghan Markle Miss King Charles III's Trooping the Colour Celebration,E! Online,5 hours ago,2023-06-17 13:21:52.425254,"Prince Harry and Meghan Markle were absent from King Charles III's Trooping the Colour celebration on June 17, days after reports surfaced that they didn't...",https://www.eonline.com/ca/news/1377494/prince-harry-and-meghan-markle-miss-king-charles-iiis-trooping-the-colour-celebration,"data:image/gif;base64,R0lGODlhAQABAIAAAP///////yH5BAEKAAEALAAAAAABAAEAAAICTAEAOw=="
See the Royal Family at King Charles' Trooping the Colour Celebration,E! Online,6 hours ago,2023-06-17 12:21:52.437254,"Prince William, Kate Middleton and their kids, Prince George, 9, Princess Charlotte, 8, and Prince Louis, 5, were among those in attendance for King Charles...",https://www.eonline.com/news/1377305/see-the-royal-family-at-king-charles-iiis-trooping-the-colour-celebration,"data:image/gif;base64,R0lGODlhAQABAIAAAP///////yH5BAEKAAEALAAAAAABAAEAAAICTAEAOw=="
Kourtney Kardashian and Travis Barker Expecting First Baby Together: Look Back at Their Whirlwind Romance,E! Online,7 hours ago,2023-06-17 11:21:52.448254,"One year after marrying Travis Barker, Kourtney Kardashian—who shares three kids with ex Scott Disick—shared she's pregnant with their first baby.",https://www.eonline.com/ca/news/1377492/kourtney-kardashian-and-travis-barker-expecting-first-baby-together-look-back-at-their-whirlwind-romance,"data:image/gif;base64,R0lGODlhAQABAIAAAP///////yH5BAEKAAEALAAAAAABAAEAAAICTAEAOw=="
"Daily Pilot e-newspaper: Saturday, June 17, 2023",Los Angeles Times,2 hours ago,2023-06-17 16:21:53.135296,"The Daily Pilot's e-newspaper includes Saturday's coverage of Newport Beach, Huntington Beach, Costa Mesa, Laguna Beach, Fountain Valley and other parts of...",https://www.latimes.com/socal/daily-pilot/news/story/2023-06-17/daily-pilot-e-newspaper-saturday-june-17-2023,"data:image/gif;base64,R0lGODlhAQABAIAAAP///////yH5BAEKAAEALAAAAAABAAEAAAICTAEAOw=="
Jang-e-Azadi memorial probe not an attack on media: Bhagwant Mann,Hindustan Times,2 hours ago,2023-06-17 16:21:53.146299,Punjab CM Bhagwant Mann has said vigilance bureau calling an influential person for swindling funds in the Jang-e-Azadi memorial building was not attack on...,https://www.hindustantimes.com/cities/chandigarh-news/jangeazadi-memorial-probe-not-an-attack-on-media-bhagwant-mann-101687030092573.html,"data:image/gif;base64,R0lGODlhAQABAIAAAP///////yH5BAEKAAEALAAAAAABAAEAAAICTAEAOw=="
See Behind-the-Scenes Photo of Kourtney Kardashian Working on Pregnancy Announcement for Blink-182 Show,E! Online,2 hours ago,2023-06-17 16:21:53.157306,"Kourtney Kardashian was photographed sitting on the floor and creating her pregnancy reveal poster, before she shared her and Travis Barker's big news at a...",https://www.eonline.com/ca/news/1377504/see-behind-the-scenes-photo-of-kourtney-kardashian-working-on-pregnancy-announcement-for-blink-182-show,"data:image/gif;base64,R0lGODlhAQABAIAAAP///////yH5BAEKAAEALAAAAAABAAEAAAICTAEAOw=="
"Boil water advisory issued for Amery, Wis. due to E. coli",CBS News,3 hours ago,2023-06-17 15:21:53.168819,Officials in the western Wisconsin city of Amery have issued a precautionary boil water advisory after E. coli bacteria were detected in the drinking water.,https://www.cbsnews.com/minnesota/news/boil-water-advisory-issued-for-amery-wis-due-to-e-coli/,"data:image/gif;base64,R0lGODlhAQABAIAAAP///////yH5BAEKAAEALAAAAAABAAEAAAICTAEAOw=="
See Kourtney Kardashian's Pregnancy Reveal at Blink-182 Concert! | E! News,YouTube,4 hours ago,2023-06-17 14:21:53.179819,Kourtney Kardashian announces she's expecting her fourth child—her first with Travis Barker—during his Blink-182 concert in Los Angeles.,https://www.youtube.com/watch?v=Qco_JaUUHKc,"data:image/gif;base64,R0lGODlhAQABAIAAAP///////yH5BAEKAAEALAAAAAABAAEAAAICTAEAOw=="
"Zendaya Feeds Tom Holland Ice Cream on Romantic London Stroll, Proving They’re the Coolest Couple",E! Online,4 hours ago,2023-06-17 14:21:53.192821,Zendaya and Tom Holland were photographed walking together during a day outing in London—and the photos of the couple will have your speedy senses tingling.,https://www.eonline.com/news/1377497/zendaya-feeds-tom-holland-ice-cream-on-romantic-london-stroll-proving-theyre-the-coolest-couple,"data:image/gif;base64,R0lGODlhAQABAIAAAP///////yH5BAEKAAEALAAAAAABAAEAAAICTAEAOw=="
"Kourtney Kardashian Is Pregnant, Expecting Baby With Travis Barker! | E! News",YouTube,5 hours ago,2023-06-17 13:21:53.203818,"After sharing their road to pregnancy on Hulu's ""The Kardashians,"" Kourtney Kardashian and blink-182 drummer Travis Barker are expecting their first baby...",https://www.youtube.com/watch?v=BGdkqKlyf_8,"data:image/gif;base64,R0lGODlhAQABAIAAAP///////yH5BAEKAAEALAAAAAABAAEAAAICTAEAOw=="
Prince Harry and Meghan Markle Miss King Charles III's Trooping the Colour Celebration,E! Online,5 hours ago,2023-06-17 13:21:53.215825,"Prince Harry and Meghan Markle were absent from King Charles III's Trooping the Colour celebration on June 17, days after reports surfaced that they didn't...",https://www.eonline.com/ca/news/1377494/prince-harry-and-meghan-markle-miss-king-charles-iiis-trooping-the-colour-celebration,"data:image/gif;base64,R0lGODlhAQABAIAAAP///////yH5BAEKAAEALAAAAAABAAEAAAICTAEAOw=="
See the Royal Family at King Charles' Trooping the Colour Celebration,E! Online,6 hours ago,2023-06-17 12:21:53.228818,"Prince William, Kate Middleton and their kids, Prince George, 9, Princess Charlotte, 8, and Prince Louis, 5, were among those in attendance for King Charles...",https://www.eonline.com/news/1377305/see-the-royal-family-at-king-charles-iiis-trooping-the-colour-celebration,"data:image/gif;base64,R0lGODlhAQABAIAAAP///////yH5BAEKAAEALAAAAAABAAEAAAICTAEAOw=="
Kourtney Kardashian and Travis Barker Expecting First Baby Together: Look Back at Their Whirlwind Romance,E! Online,7 hours ago,2023-06-17 11:21:53.239819,"One year after marrying Travis Barker, Kourtney Kardashian—who shares three kids with ex Scott Disick—shared she's pregnant with their first baby.",https://www.eonline.com/ca/news/1377492/kourtney-kardashian-and-travis-barker-expecting-first-baby-together-look-back-at-their-whirlwind-romance,"data:image/gif;base64,R0lGODlhAQABAIAAAP///////yH5BAEKAAEALAAAAAABAAEAAAICTAEAOw=="
